D,strategy,mean_auc,std_auc
1,random,0.5376,0.008799999999999919
3,random,0.4596,0.0048000000000000265
5,random,0.4182,0.015400000000000025
7,random,0.38839999999999997,0.0040000000000000036
9,random,0.4784,0.006399999999999961
11,random,0.5108,0.011599999999999971
13,random,0.4532,0.01880000000000004
15,random,0.48339999999999994,0.004600000000000076
17,random,0.5104,0.00720000000000004
20,random,0.4544,0.008800000000000058
