D,strategy,mean_auc,std_auc,sample_aucs
1,Ambiguous,0.9981683173637836,7.063690235265873e-06,"[np.float64(0.9981637303644904), np.float64(0.9981708166109795), np.float64(0.9981805834006587), np.float64(0.9981635590175173), np.float64(0.9981813635501459), np.float64(0.9981668237011675), np.float64(0.9981641820974202), np.float64(0.998166090282673), np.float64(0.9981675869740485), np.float64(0.9981697716525337), np.float64(0.9981611406840682), np.float64(0.998159046874453), np.float64(0.9981814310504686), np.float64(0.9981621389115215), np.float64(0.9981664952846099)]"
