D,strategy,mean_auc,std_auc,sample_aucs
1,Type_2,0.9354479166666668,0.024351700046175238,"[np.float64(0.9178750000000001), np.float64(0.9465312499999999), np.float64(0.9471250000000001), np.float64(0.9178437500000001), np.float64(0.9685312500000001), np.float64(0.9465000000000001), np.float64(0.9099062499999997), np.float64(0.9181874999999999), np.float64(0.9181562500000002), np.float64(0.9735312500000001), np.float64(0.9684375000000001), np.float64(0.9099062499999999), np.float64(0.9101874999999999), np.float64(0.9685625), np.float64(0.9104374999999999)]"
2,Type_2,0.99020625,0.00718944538890175,"[np.float64(0.9843437500000001), np.float64(0.9960625000000001), np.float64(0.9918125000000002), np.float64(0.9914999999999999), np.float64(0.99378125), np.float64(0.9691562499999998), np.float64(0.99371875), np.float64(0.9935937499999999), np.float64(0.9960625000000001), np.float64(0.97815625), np.float64(0.9936250000000001), np.float64(0.99334375), np.float64(0.9939375), np.float64(0.9911875), np.float64(0.9928125)]"
3,Type_2,0.9965270833333332,0.0016696145804413263,"[np.float64(0.9983437500000001), np.float64(0.9974374999999999), np.float64(0.99771875), np.float64(0.9965624999999999), np.float64(0.9978750000000002), np.float64(0.99515625), np.float64(0.9986562499999998), np.float64(0.99490625), np.float64(0.99453125), np.float64(0.9938749999999998), np.float64(0.9934062499999999), np.float64(0.99709375), np.float64(0.9981562499999999), np.float64(0.9978125), np.float64(0.9963749999999999)]"
4,Type_2,0.9993083333333335,0.00039261852421346405,"[np.float64(0.9980625), np.float64(0.9994375000000002), np.float64(0.999125), np.float64(0.999125), np.float64(0.9995937500000001), np.float64(0.9996875), np.float64(0.9995937500000001), np.float64(0.9995937500000001), np.float64(0.9996875), np.float64(0.99925), np.float64(0.9995625), np.float64(0.9993749999999999), np.float64(0.9990625000000002), np.float64(0.99921875), np.float64(0.99925)]"
5,Type_2,0.9998562500000001,3.5721725415583755e-05,"[np.float64(0.9998437500000001), np.float64(0.9997812500000001), np.float64(0.9999062500000001), np.float64(0.9998437500000001), np.float64(0.9998437499999999), np.float64(0.9998125), np.float64(0.9998437499999999), np.float64(0.999875), np.float64(0.999875), np.float64(0.999875), np.float64(0.9999062500000001), np.float64(0.9998750000000001), np.float64(0.9998125000000002), np.float64(0.9998437500000001), np.float64(0.9999062500000001)]"
