D,strategy,mean_auc,std_auc,sample_aucs
1,Type_1,0.8096750000000001,0.06054273821889512,"[np.float64(0.8309999999999998), np.float64(0.7391875000000001), np.float64(0.71928125), np.float64(0.7400625000000004), np.float64(0.8305312499999999), np.float64(0.8580625000000003), np.float64(0.8309374999999999), np.float64(0.83103125), np.float64(0.83109375), np.float64(0.7398437500000001), np.float64(0.8575937500000002), np.float64(0.92909375), np.float64(0.7190937500000001), np.float64(0.8579687500000002), np.float64(0.8303437500000002)]"
2,Type_1,0.8898937499999999,0.04843951581826892,"[np.float64(0.88571875), np.float64(0.8828125000000002), np.float64(0.7988750000000004), np.float64(0.7947812499999998), np.float64(0.8755312500000002), np.float64(0.9526249999999999), np.float64(0.85840625), np.float64(0.8793437500000003), np.float64(0.93315625), np.float64(0.9356874999999999), np.float64(0.9465624999999995), np.float64(0.8586562499999999), np.float64(0.9360312499999999), np.float64(0.8750625), np.float64(0.93515625)]"
3,Type_1,0.9542520833333333,0.01310767937815676,"[np.float64(0.9395000000000001), np.float64(0.97340625), np.float64(0.9302187499999999), np.float64(0.975), np.float64(0.9576874999999998), np.float64(0.961), np.float64(0.9551874999999999), np.float64(0.9549687499999999), np.float64(0.9609062499999999), np.float64(0.96515625), np.float64(0.96328125), np.float64(0.9424374999999999), np.float64(0.9439062499999998), np.float64(0.95746875), np.float64(0.93365625)]"
4,Type_1,0.9647020833333334,0.012051905249332542,"[np.float64(0.967125), np.float64(0.9772187499999999), np.float64(0.9756875), np.float64(0.9633750000000001), np.float64(0.9385937499999999), np.float64(0.9774999999999998), np.float64(0.9455624999999998), np.float64(0.9446874999999999), np.float64(0.9664999999999999), np.float64(0.9606562499999999), np.float64(0.96309375), np.float64(0.9743437499999998), np.float64(0.9724999999999998), np.float64(0.97315625), np.float64(0.97053125)]"
5,Type_1,0.9749395833333333,0.0034158878685570976,"[np.float64(0.9725937499999999), np.float64(0.9768437500000001), np.float64(0.9784374999999998), np.float64(0.9689062499999999), np.float64(0.9761875), np.float64(0.9778437499999999), np.float64(0.97971875), np.float64(0.9765312500000001), np.float64(0.975375), np.float64(0.9775625), np.float64(0.97496875), np.float64(0.9717812499999999), np.float64(0.9749375), np.float64(0.9754999999999999), np.float64(0.9669062500000001)]"
