D,strategy,mean_auc,std_auc,sample_aucs
1,Type_0,0.5939041666666667,0.0992889115228327,"[np.float64(0.58125), np.float64(0.6582499999999998), np.float64(0.54925), np.float64(0.6058437500000001), np.float64(0.48053124999999997), np.float64(0.6053437500000001), np.float64(0.749125), np.float64(0.65778125), np.float64(0.7488750000000002), np.float64(0.6024375000000001), np.float64(0.48771875), np.float64(0.4813437499999999), np.float64(0.4747187499999999), np.float64(0.47646875), np.float64(0.7496250000000002)]"
2,Type_0,0.6397083333333332,0.08480875979429964,"[np.float64(0.5408125), np.float64(0.60428125), np.float64(0.54615625), np.float64(0.7774062499999997), np.float64(0.5522812500000001), np.float64(0.6108750000000002), np.float64(0.6316875), np.float64(0.5778749999999999), np.float64(0.583), np.float64(0.7426562500000002), np.float64(0.6182500000000001), np.float64(0.7684374999999998), np.float64(0.6993125000000001), np.float64(0.7722499999999999), np.float64(0.5703437499999999)]"
3,Type_0,0.7394541666666667,0.03287033368868585,"[np.float64(0.697125), np.float64(0.7745312500000001), np.float64(0.744625), np.float64(0.6824375), np.float64(0.75534375), np.float64(0.7735312500000001), np.float64(0.7243437499999998), np.float64(0.7451875000000001), np.float64(0.7524374999999999), np.float64(0.7785312499999998), np.float64(0.732375), np.float64(0.6653125), np.float64(0.76778125), np.float64(0.7491562500000001), np.float64(0.7490937500000001)]"
4,Type_0,0.73810625,0.036808808530250835,"[np.float64(0.7427187499999999), np.float64(0.7271250000000001), np.float64(0.7657812500000001), np.float64(0.76034375), np.float64(0.6702812499999999), np.float64(0.7104999999999999), np.float64(0.7378749999999998), np.float64(0.79840625), np.float64(0.7678749999999999), np.float64(0.7780624999999999), np.float64(0.7362500000000001), np.float64(0.695125), np.float64(0.76053125), np.float64(0.7524687499999998), np.float64(0.6682499999999999)]"
5,Type_0,0.7594541666666665,0.01738178025181026,"[np.float64(0.7751874999999998), np.float64(0.7761250000000002), np.float64(0.7491562500000001), np.float64(0.7547500000000001), np.float64(0.7586562499999998), np.float64(0.76909375), np.float64(0.74884375), np.float64(0.760375), np.float64(0.7665312500000001), np.float64(0.7256250000000001), np.float64(0.7265312500000001), np.float64(0.7790625000000001), np.float64(0.7842812499999999), np.float64(0.7727812499999999), np.float64(0.7448125000000001)]"
