D,strategy,mean_auc,std_auc,sample_aucs
1,Type_3,0.9812895833333334,0.00854524924868916,"[np.float64(0.99628125), np.float64(0.9821874999999999), np.float64(0.9754999999999999), np.float64(0.9934687499999999), np.float64(0.9933124999999998), np.float64(0.9821874999999999), np.float64(0.9755625), np.float64(0.9757499999999999), np.float64(0.9735937499999997), np.float64(0.9732812499999997), np.float64(0.9961875000000001), np.float64(0.97540625), np.float64(0.97540625), np.float64(0.9755625), np.float64(0.9756562500000001)]"
2,Type_3,0.9987999999999999,0.0015862281650717096,"[np.float64(0.9991875), np.float64(0.9958124999999999), np.float64(1.0), np.float64(0.9984999999999999), np.float64(0.9961874999999999), np.float64(0.9999687500000001), np.float64(0.9995937500000001), np.float64(0.99528125), np.float64(1.0), np.float64(1.0), np.float64(0.9996562499999999), np.float64(0.9993124999999999), np.float64(0.9999687500000001), np.float64(0.999625), np.float64(0.9989062499999999)]"
3,Type_3,0.9998895833333333,0.00021646625346433617,"[np.float64(1.0), np.float64(1.0), np.float64(0.999375), np.float64(1.0), np.float64(1.0), np.float64(0.9999375), np.float64(0.9993125), np.float64(0.9999687500000001), np.float64(0.9999687500000001), np.float64(0.9999375), np.float64(1.0), np.float64(0.9999062499999999), np.float64(0.9999375), np.float64(1.0), np.float64(1.0)]"
4,Type_3,1.0,0.0,"[np.float64(1.0), np.float64(1.0), np.float64(1.0), np.float64(1.0), np.float64(1.0), np.float64(1.0), np.float64(1.0), np.float64(1.0), np.float64(1.0), np.float64(1.0), np.float64(1.0), np.float64(1.0), np.float64(1.0), np.float64(1.0), np.float64(1.0)]"
5,Type_3,1.0,0.0,"[np.float64(1.0), np.float64(1.0), np.float64(1.0), np.float64(1.0), np.float64(1.0), np.float64(1.0), np.float64(1.0), np.float64(1.0), np.float64(1.0), np.float64(1.0), np.float64(1.0), np.float64(1.0), np.float64(1.0), np.float64(1.0), np.float64(1.0)]"
